{"EcuFlyRelativeBearing": {"PARAMETER_SET_TWO": [-11778.2437787, 23679.6484367, -25254.4834434, 24337.9053959, -3840.31436865, 45007.3316373, -423.439242538, 140.001264529, -461.174377006, 258.679776181, -287.251439354, 98.5952240192, -84.8317534862, 88.9316033044, -41.8290005491, 67.233887719, -92.2111846194, 68.7545513053], "PARAMETER_SET_ONE": [-1779.02228791, 14464.648343, -29736.5860717, 22736.6759317, -5277.67822925, 24435.1393378, -223.343355174, 457.152983364, 0, 380.503439067, -90.768351663, 177.023943674, -39.284697206, 61.542661632, -69.4685567953, 72.3370402494, -69.435520617, 37.6964685123], "PARAMETER_SET_THREE": [-38501.5106249, 32893.8992703, -6747.65415347, 25271.8863163, -48152, 25353.0132541, -594.472695214, 278.81408408, -332.08758423, 576.482832443, -326.512089665, 451.975986477, -23.9685515452, 25.5376578515, -89.1901671102, 6.65753641357, -79.1608428961, 59.6938663162]}, "EcuConverting": {"PARAMETER_SET_TWO": [-48152, 40589.4680374, -48152, 29974.00176, -10535.1913733, 5048.49478924, -463.761708106, 502.075884158, -182.530824602, 553.915081691, -293.299163342, 504.340308922, -18.5326220993, 68.1206323485, -100, 50.9602760585, -27.5802178424, 100], "PARAMETER_SET_ONE": [-16083.9703339, 12495.0506409, -6208.63720315, 12904.913965, -24867.4601397, 10367.264835, -260.082841471, 539.085960337, -103.919002581, 257.596600343, -600, 361.709118246, -85.2899856388, 58.4979553827, -9.26746486988, 21.934741853, -84.3485232085, 43.4147398751], "PARAMETER_SET_THREE": [-11815.0128513, 16431.9041678, -39737.5115156, 27471.9802267, -46955.9930118, 24845.0192655, -168.045546368, 316.534376763, -231.061978284, 592.262288293, -434.355112935, 137.552913199, -68.7413977259, 72.7867067903, -48.9189738365, 6.96828395045, -43.8727819445, 45.6159694248]}, "EcuFlyingOffset": {"PARAMETER_SET_TWO": [-3124.90390339, 48152, -8354.77181365, 48152, -46968.534613, 33610.0077655, -600, 31.6460435599, -20.4330827259, 122.760362572, -12.5211335683, 222.443975407, -91.7996985222, 36.9527289934, -38.0788636383, 74.7272990221, -87.3770391401, 44.2416307221], "PARAMETER_SET_ONE": [-29569.2860893, 10273.3121098, -47443.5032269, 39320.0810161, -35039.2980811, 28619.796014, -184.106355066, 488.56320569, -442.213850511, 351.737515431, -597.084492447, 74.9953885681, -96.4104541595, 13.2988535441, -56.5964084039, 20.0969587155, -92.6687735008, 40.3969162233], "PARAMETER_SET_THREE": [-41645.2844573, 21005.437449, -42555.0271745, 36267.0728972, -25419.4269037, 21773.0791915, -38.0445870531, 543.906143147, -208.398075515, 551.539981827, -374.278172091, 220.476454014, -55.8881507459, 46.068975572, -27.2105528422, 62.1988065881, -50.0510888296, 13.1230586215]}, "EcuPureIntercept": {"PARAMETER_SET_TWO": [-3921.65493414, 48152, -25976.6110247, 48152, -16175.2697597, 42451.7589213, -367.525029293, 0, -228.464484328, 69.8498918567, 0, 600, -42.2421386734, 0, -100, 28.7776863949, -38.4586565637, 7.55376148232], "PARAMETER_SET_ONE": [-43799.1458592, 29893.3364086, -16174.5087427, 43060.6989503, -45928.0142078, 21371.8437059, -277.399436335, 211.815113238, -257.522291921, 134.541082224, -105.083780763, 197.187915795, -78.1632631829, 47.5124207883, -50.4626782987, 0, -8.23400513585, 16.27932783], "PARAMETER_SET_THREE": [-43364.0875086, 8492.13029875, -9105.8457084, 31679.2726242, -1900.33592368, 22680.9044145, -244.762886376, 12.9327681503, -337.616607499, 125.554739962, 0, 141.339179843, -92.539203616, 89.7568673124, -94.8328648745, 67.2927275888, 0, 37.8786882399]}}