{"RightUp": {"PARAMETER_SET_SIX": [], "PARAMETER_SET_FIVE": [], "PARAMETER_SET_FOUR": [], "PARAMETER_SET_TWO": [], "PARAMETER_SET_ONE": [], "PARAMETER_SET_THREE": []}, "LevelFlight": {"PARAMETER_SET_SIX": [], "PARAMETER_SET_FIVE": [], "PARAMETER_SET_FOUR": [], "PARAMETER_SET_TWO": [], "PARAMETER_SET_ONE": [], "PARAMETER_SET_THREE": []}, "PushDown": {"PARAMETER_SET_SIX": [], "PARAMETER_SET_FIVE": [], "PARAMETER_SET_FOUR": [], "PARAMETER_SET_TWO": [], "PARAMETER_SET_ONE": [], "PARAMETER_SET_THREE": []}, "LeftDown": {"PARAMETER_SET_SIX": [-15666.1102805, 6736.03109551, -42792.2647275, 30766.2664274, -43264.9459595, 44718.4445095, -788.234238347, 759.062030757, -639.230420054, 450.022283281, -320.501094258, 666.756180629, 74.1551493256, 62.2114789168, -80.7825051958, 96.5856264051, -23.4143087961, -100], "PARAMETER_SET_FIVE": [-32133.0436939, 36868.7052852, -48152, 8690.5045876, -44174.5588024, 33343.0394751, -381.3244229, 956.817684355, -561.859531472, -1000, -80.3809048762, 380.88182647, -5.84820880961, 73.8747122901, -83.8035994001, 70.665887624, -70.7004042798, 100], "PARAMETER_SET_FOUR": [-17290.7656955, 12712.3133785, -30312.524074, 22256.846865, -36444.4672075, 31578.6410159, -921.154474534, 873.072943559, -103.743503774, 256.099150289, -501.930078741, 323.986525759, -66.2800882291, 83.7235478429, -39.9631561325, 38.7933341955, -15.7102570611, 35.194343863], "PARAMETER_SET_TWO": [-19922.4625298, 42727.6581813, -23107.2083544, 36896.9193876, -23766.6260316, 23027.3641263, -177.684361006, 385.1707787, -102.001519404, 612.748466434, -889.975463202, 751.42564646, -58.6713541885, 82.6168239427, -48.1240870867, 71.8267660373, -54.6360259237, 45.0052541616], "PARAMETER_SET_ONE": [-47544.8080276, 14231.0088627, -45861.9496468, 20665.6439868, -12776.1947936, 24777.0316183, -757.64378608, 363.29873949, -186.061094459, 811.848661829, -953.948974647, 763.535380734, -56.4075902385, 85.0253669653, -40.2136412572, 48.5195341, -8.63787512403, 66.7052793287], "PARAMETER_SET_THREE": [-21908.6193979, 44004.1943485, -32434.1526015, 24655.1607418, 48152, 35883.488994, -73.7930507866, -328.589918787, -234.015190868, 102.274018567, -567.160660772, 530.003214965, 100, 2.59841634762, -14.251414912, 74.4906876569, -0.668728772395, 38.5487641969]}, "RightDown": {"PARAMETER_SET_SIX": [], "PARAMETER_SET_FIVE": [], "PARAMETER_SET_FOUR": [], "PARAMETER_SET_TWO": [], "PARAMETER_SET_ONE": [], "PARAMETER_SET_THREE": []}, "PullUp": {"PARAMETER_SET_SIX": [], "PARAMETER_SET_FIVE": [], "PARAMETER_SET_FOUR": [], "PARAMETER_SET_TWO": [], "PARAMETER_SET_ONE": [], "PARAMETER_SET_THREE": []}, "LeftUp": {"PARAMETER_SET_SIX": [-12443.9603704, 33116.6394534, -30434.070262, 7040.64631788, -21130.9712755, 12712.1558651, -53.3543812452, 441.892580704, -632.787483378, 359.019391146, -679.344337865, 114.557944455, -54.5597610305, 29.8435391457, -55.9786793815, 44.498634822, -98.6280396302, 27.5122449413], "PARAMETER_SET_FIVE": [-10073.7638605, 23478.7324027, -9552.83834931, 44691.7186062, -10115.2027709, 20246.0856451, -1000, 290.648488338, -687.937891814, 962.028482236, -112.864932508, 376.236962463, -100, 100, -21.0889222908, 50.1317317057, 100, 98.3799323654], "PARAMETER_SET_FOUR": [-32838.1030425, 14888.2084317, -24183.3285321, 26867.3538623, -14455.1023888, 4937.31099735, -827.245266343, 768.415598821, -1000, 173.179347848, -73.591919248, 1000, -40.7893230454, 5.06175482389, -44.4171189236, 50.7027927869, -55.7632164939, 90.0689074457], "PARAMETER_SET_TWO": [-18102.2435081, 23242.7953328, -41341.434954, -48152, -26687.3361665, 30053.7494858, -736.127040397, 347.373776255, -508.178758903, 144.394036975, -436.499113117, 260.362144226, -13.970071864, 92.9770028871, -47.0295240142, 100, -10.3323721626, 92.9365269489], "PARAMETER_SET_ONE": [-16713.6687133, 29172.216716, -5319.92505927, 22736.3489117, -42715.5589844, 48152, -670.573331138, 671.075690558, -690.029926106, 980.507977878, -910.556326114, 665.976696194, -100, 8.38903518473, -8.43251107448, -100, -34.2028469957, 100], "PARAMETER_SET_THREE": [-32632.6015694, 21193.4120481, -36546.59001, 28654.7069317, -12528.1782117, 43367.5220342, -334.108492268, 495.716025187, -209.575019602, 442.436856789, -362.046117644, 347.647642218, -41.1680215335, 26.7659314881, -33.2923069227, 100, -100, 81.6363049092]}}